<?xml version="1.0" encoding="UTF-8"?>
<project-private xmlns="http://www.netbeans.org/ns/project-private/1">
    <editor-bookmarks xmlns="http://www.netbeans.org/ns/editor-bookmarks/2" lastBookmarkId="0"/>
    <open-files xmlns="http://www.netbeans.org/ns/projectui-open-files/2">
        <group>
            <file>file:/D:/u/progra/Programacion%20Orientada%20a%20Objetos/GitHub/WS08ClassImplementation/ChickenFarm/src/ec/edu/espe/ChickenFarm/model/Egg.java</file>
            <file>file:/D:/u/progra/Programacion%20Orientada%20a%20Objetos/GitHub/WS08ClassImplementation/ChickenFarm/src/ec/edu/espe/ChickenFarm/model/ChickenCoop.java</file>
            <file>file:/D:/u/progra/Programacion%20Orientada%20a%20Objetos/GitHub/WS08ClassImplementation/ChickenFarm/src/ec/edu/espe/ChickenFarm/model/ChickenFarmer.java</file>
            <file>file:/D:/u/progra/Programacion%20Orientada%20a%20Objetos/GitHub/WS08ClassImplementation/ChickenFarm/src/ec/edu/espe/ChickenFarm/view/FarmSimulator.java</file>
            <file>file:/D:/u/progra/Programacion%20Orientada%20a%20Objetos/GitHub/WS08ClassImplementation/ChickenFarm/src/ec/edu/espe/ChickenFarm/model/Chicken.java</file>
        </group>
    </open-files>
</project-private>
